{
  "name": "Meilisearch",
  "displayName": "Meilisearch Search Engine",
  "version": "latest",
  "serviceName": "Meilisearch",
  "binaryPath": "C:\\Program Files\\Meilisearch\\meilisearch.exe",
  "dataPath": "D:\\ArchiveManagement\\data\\meilisearch",
  "configPath": "D:\\ArchiveManagement\\config\\meilisearch.toml",
  "port": 7700,
  "host": "127.0.0.1",
  "environment": "production",
  "autoStart": true,
  "dependencies": ["postgresql"],
  "healthCheck": { "port": 7700, "endpoint": "/health", "timeout": 10 }
}
