{
  "name": "PostgreSQL",
  "displayName": "PostgreSQL Database Server",
  "version": "16.11-2",
  "serviceName": "postgresql-x64-16",
  "binaryPath": "C:\\Program Files\\PostgreSQL\\16\\bin\\postgres.exe",
  "dataPath": "D:\\ArchiveManagement\\data\\database",
  "configPath": "D:\\ArchiveManagement\\data\\database\\postgresql.conf",
  "port": 5432,
  "user": "postgres",
  "database": "archive_management",
  "sslEnabled": false,
  "autoStart": true,
  "healthCheck": { "port": 5432, "timeout": 30 }
}
